character,action,frame,sheet,x,y,width,height,anchor_x,anchor_y,duration_ms,file
nyoro,idle,0,sheets/nyoro/idle.png,0,0,256,256,128,236,240,frames/nyoro/idle_00.png
nyoro,idle,1,sheets/nyoro/idle.png,256,0,256,256,128,236,240,frames/nyoro/idle_01.png
nyoro,idle,2,sheets/nyoro/idle.png,512,0,256,256,128,236,240,frames/nyoro/idle_02.png
nyoro,idle,3,sheets/nyoro/idle.png,768,0,256,256,128,236,240,frames/nyoro/idle_03.png
nyoro,umbrella_idle,0,sheets/nyoro/umbrella_idle.png,0,0,256,256,128,236,240,frames/nyoro/umbrella_idle_00.png
nyoro,umbrella_idle,1,sheets/nyoro/umbrella_idle.png,256,0,256,256,128,236,240,frames/nyoro/umbrella_idle_01.png
nyoro,umbrella_idle,2,sheets/nyoro/umbrella_idle.png,512,0,256,256,128,236,240,frames/nyoro/umbrella_idle_02.png
nyoro,umbrella_idle,3,sheets/nyoro/umbrella_idle.png,768,0,256,256,128,236,240,frames/nyoro/umbrella_idle_03.png
nyoro,umbrella_walk,0,sheets/nyoro/umbrella_walk.png,0,0,256,256,128,236,180,frames/nyoro/umbrella_walk_00.png
nyoro,umbrella_walk,1,sheets/nyoro/umbrella_walk.png,256,0,256,256,128,236,180,frames/nyoro/umbrella_walk_01.png
nyoro,umbrella_walk,2,sheets/nyoro/umbrella_walk.png,512,0,256,256,128,236,180,frames/nyoro/umbrella_walk_02.png
nyoro,umbrella_walk,3,sheets/nyoro/umbrella_walk.png,768,0,256,256,128,236,180,frames/nyoro/umbrella_walk_03.png
nyoro,umbrella_open,0,sheets/nyoro/umbrella_open.png,0,0,256,256,128,236,240,frames/nyoro/umbrella_open_00.png
nyoro,umbrella_open,1,sheets/nyoro/umbrella_open.png,256,0,256,256,128,236,240,frames/nyoro/umbrella_open_01.png
nyoro,umbrella_open,2,sheets/nyoro/umbrella_open.png,512,0,256,256,128,236,240,frames/nyoro/umbrella_open_02.png
nyoro,umbrella_open,3,sheets/nyoro/umbrella_open.png,768,0,256,256,128,236,240,frames/nyoro/umbrella_open_03.png
nyoro,umbrella_close,0,sheets/nyoro/umbrella_close.png,0,0,256,256,128,236,240,frames/nyoro/umbrella_close_00.png
nyoro,umbrella_close,1,sheets/nyoro/umbrella_close.png,256,0,256,256,128,236,240,frames/nyoro/umbrella_close_01.png
nyoro,umbrella_close,2,sheets/nyoro/umbrella_close.png,512,0,256,256,128,236,240,frames/nyoro/umbrella_close_02.png
nyoro,umbrella_close,3,sheets/nyoro/umbrella_close.png,768,0,256,256,128,236,240,frames/nyoro/umbrella_close_03.png
nyoro,greet,0,sheets/nyoro/greet.png,0,0,256,256,128,236,240,frames/nyoro/greet_00.png
nyoro,greet,1,sheets/nyoro/greet.png,256,0,256,256,128,236,240,frames/nyoro/greet_01.png
nyoro,greet,2,sheets/nyoro/greet.png,512,0,256,256,128,236,240,frames/nyoro/greet_02.png
nyoro,greet,3,sheets/nyoro/greet.png,768,0,256,256,128,236,240,frames/nyoro/greet_03.png
nyoro,chat,0,sheets/nyoro/chat.png,0,0,256,256,128,236,240,frames/nyoro/chat_00.png
nyoro,chat,1,sheets/nyoro/chat.png,256,0,256,256,128,236,240,frames/nyoro/chat_01.png
nyoro,chat,2,sheets/nyoro/chat.png,512,0,256,256,128,236,240,frames/nyoro/chat_02.png
nyoro,chat,3,sheets/nyoro/chat.png,768,0,256,256,128,236,240,frames/nyoro/chat_03.png
nyoro,sit,0,sheets/nyoro/sit.png,0,0,256,256,128,236,240,frames/nyoro/sit_00.png
nyoro,sit,1,sheets/nyoro/sit.png,256,0,256,256,128,236,240,frames/nyoro/sit_01.png
nyoro,sit,2,sheets/nyoro/sit.png,512,0,256,256,128,236,240,frames/nyoro/sit_02.png
nyoro,sit,3,sheets/nyoro/sit.png,768,0,256,256,128,236,240,frames/nyoro/sit_03.png
nyoro,read,0,sheets/nyoro/read.png,0,0,256,256,128,236,240,frames/nyoro/read_00.png
nyoro,read,1,sheets/nyoro/read.png,256,0,256,256,128,236,240,frames/nyoro/read_01.png
nyoro,read,2,sheets/nyoro/read.png,512,0,256,256,128,236,240,frames/nyoro/read_02.png
nyoro,read,3,sheets/nyoro/read.png,768,0,256,256,128,236,240,frames/nyoro/read_03.png
nyoro,eat,0,sheets/nyoro/eat.png,0,0,256,256,128,236,240,frames/nyoro/eat_00.png
nyoro,eat,1,sheets/nyoro/eat.png,256,0,256,256,128,236,240,frames/nyoro/eat_01.png
nyoro,eat,2,sheets/nyoro/eat.png,512,0,256,256,128,236,240,frames/nyoro/eat_02.png
nyoro,eat,3,sheets/nyoro/eat.png,768,0,256,256,128,236,240,frames/nyoro/eat_03.png
nyoro,drink,0,sheets/nyoro/drink.png,0,0,256,256,128,236,240,frames/nyoro/drink_00.png
nyoro,drink,1,sheets/nyoro/drink.png,256,0,256,256,128,236,240,frames/nyoro/drink_01.png
nyoro,drink,2,sheets/nyoro/drink.png,512,0,256,256,128,236,240,frames/nyoro/drink_02.png
nyoro,drink,3,sheets/nyoro/drink.png,768,0,256,256,128,236,240,frames/nyoro/drink_03.png
nyoro,sleep,0,sheets/nyoro/sleep.png,0,0,256,256,128,236,240,frames/nyoro/sleep_00.png
nyoro,sleep,1,sheets/nyoro/sleep.png,256,0,256,256,128,236,240,frames/nyoro/sleep_01.png
nyoro,sleep,2,sheets/nyoro/sleep.png,512,0,256,256,128,236,240,frames/nyoro/sleep_02.png
nyoro,sleep,3,sheets/nyoro/sleep.png,768,0,256,256,128,236,240,frames/nyoro/sleep_03.png
nyoro,stretch,0,sheets/nyoro/stretch.png,0,0,256,256,128,236,240,frames/nyoro/stretch_00.png
nyoro,stretch,1,sheets/nyoro/stretch.png,256,0,256,256,128,236,240,frames/nyoro/stretch_01.png
nyoro,stretch,2,sheets/nyoro/stretch.png,512,0,256,256,128,236,240,frames/nyoro/stretch_02.png
nyoro,stretch,3,sheets/nyoro/stretch.png,768,0,256,256,128,236,240,frames/nyoro/stretch_03.png
nyoro,joy,0,sheets/nyoro/joy.png,0,0,256,256,128,236,240,frames/nyoro/joy_00.png
nyoro,joy,1,sheets/nyoro/joy.png,256,0,256,256,128,236,240,frames/nyoro/joy_01.png
nyoro,joy,2,sheets/nyoro/joy.png,512,0,256,256,128,236,240,frames/nyoro/joy_02.png
nyoro,joy,3,sheets/nyoro/joy.png,768,0,256,256,128,236,240,frames/nyoro/joy_03.png
nyoro,walk,0,sheets/nyoro/walk.png,0,0,256,256,128,236,180,frames/nyoro/walk_00.png
nyoro,walk,1,sheets/nyoro/walk.png,256,0,256,256,128,236,180,frames/nyoro/walk_01.png
nyoro,walk,2,sheets/nyoro/walk.png,512,0,256,256,128,236,180,frames/nyoro/walk_02.png
nyoro,walk,3,sheets/nyoro/walk.png,768,0,256,256,128,236,180,frames/nyoro/walk_03.png
irukaeru,idle,0,sheets/irukaeru/idle.png,0,0,256,256,128,236,240,frames/irukaeru/idle_00.png
irukaeru,idle,1,sheets/irukaeru/idle.png,256,0,256,256,128,236,240,frames/irukaeru/idle_01.png
irukaeru,idle,2,sheets/irukaeru/idle.png,512,0,256,256,128,236,240,frames/irukaeru/idle_02.png
irukaeru,idle,3,sheets/irukaeru/idle.png,768,0,256,256,128,236,240,frames/irukaeru/idle_03.png
irukaeru,walk,0,sheets/irukaeru/walk.png,0,0,256,256,128,236,180,frames/irukaeru/walk_00.png
irukaeru,walk,1,sheets/irukaeru/walk.png,256,0,256,256,128,236,180,frames/irukaeru/walk_01.png
irukaeru,walk,2,sheets/irukaeru/walk.png,512,0,256,256,128,236,180,frames/irukaeru/walk_02.png
irukaeru,walk,3,sheets/irukaeru/walk.png,768,0,256,256,128,236,180,frames/irukaeru/walk_03.png
irukaeru,greet_bow,0,sheets/irukaeru/greet_bow.png,0,0,256,256,128,236,240,frames/irukaeru/greet_bow_00.png
irukaeru,greet_bow,1,sheets/irukaeru/greet_bow.png,256,0,256,256,128,236,240,frames/irukaeru/greet_bow_01.png
irukaeru,greet_bow,2,sheets/irukaeru/greet_bow.png,512,0,256,256,128,236,240,frames/irukaeru/greet_bow_02.png
irukaeru,greet_bow,3,sheets/irukaeru/greet_bow.png,768,0,256,256,128,236,240,frames/irukaeru/greet_bow_03.png
irukaeru,chat,0,sheets/irukaeru/chat.png,0,0,256,256,128,236,240,frames/irukaeru/chat_00.png
irukaeru,chat,1,sheets/irukaeru/chat.png,256,0,256,256,128,236,240,frames/irukaeru/chat_01.png
irukaeru,chat,2,sheets/irukaeru/chat.png,512,0,256,256,128,236,240,frames/irukaeru/chat_02.png
irukaeru,chat,3,sheets/irukaeru/chat.png,768,0,256,256,128,236,240,frames/irukaeru/chat_03.png
irukaeru,carry_tray,0,sheets/irukaeru/carry_tray.png,0,0,256,256,128,236,180,frames/irukaeru/carry_tray_00.png
irukaeru,carry_tray,1,sheets/irukaeru/carry_tray.png,256,0,256,256,128,236,180,frames/irukaeru/carry_tray_01.png
irukaeru,carry_tray,2,sheets/irukaeru/carry_tray.png,512,0,256,256,128,236,180,frames/irukaeru/carry_tray_02.png
irukaeru,carry_tray,3,sheets/irukaeru/carry_tray.png,768,0,256,256,128,236,180,frames/irukaeru/carry_tray_03.png
irukaeru,serve,0,sheets/irukaeru/serve.png,0,0,256,256,128,236,240,frames/irukaeru/serve_00.png
irukaeru,serve,1,sheets/irukaeru/serve.png,256,0,256,256,128,236,240,frames/irukaeru/serve_01.png
irukaeru,serve,2,sheets/irukaeru/serve.png,512,0,256,256,128,236,240,frames/irukaeru/serve_02.png
irukaeru,serve,3,sheets/irukaeru/serve.png,768,0,256,256,128,236,240,frames/irukaeru/serve_03.png
irukaeru,drink,0,sheets/irukaeru/drink.png,0,0,256,256,128,236,240,frames/irukaeru/drink_00.png
irukaeru,drink,1,sheets/irukaeru/drink.png,256,0,256,256,128,236,240,frames/irukaeru/drink_01.png
irukaeru,drink,2,sheets/irukaeru/drink.png,512,0,256,256,128,236,240,frames/irukaeru/drink_02.png
irukaeru,drink,3,sheets/irukaeru/drink.png,768,0,256,256,128,236,240,frames/irukaeru/drink_03.png
irukaeru,pour,0,sheets/irukaeru/pour.png,0,0,256,256,128,236,240,frames/irukaeru/pour_00.png
irukaeru,pour,1,sheets/irukaeru/pour.png,256,0,256,256,128,236,240,frames/irukaeru/pour_01.png
irukaeru,pour,2,sheets/irukaeru/pour.png,512,0,256,256,128,236,240,frames/irukaeru/pour_02.png
irukaeru,pour,3,sheets/irukaeru/pour.png,768,0,256,256,128,236,240,frames/irukaeru/pour_03.png
irukaeru,wipe,0,sheets/irukaeru/wipe.png,0,0,256,256,128,236,240,frames/irukaeru/wipe_00.png
irukaeru,wipe,1,sheets/irukaeru/wipe.png,256,0,256,256,128,236,240,frames/irukaeru/wipe_01.png
irukaeru,wipe,2,sheets/irukaeru/wipe.png,512,0,256,256,128,236,240,frames/irukaeru/wipe_02.png
irukaeru,wipe,3,sheets/irukaeru/wipe.png,768,0,256,256,128,236,240,frames/irukaeru/wipe_03.png
irukaeru,tidy,0,sheets/irukaeru/tidy.png,0,0,256,256,128,236,240,frames/irukaeru/tidy_00.png
irukaeru,tidy,1,sheets/irukaeru/tidy.png,256,0,256,256,128,236,240,frames/irukaeru/tidy_01.png
irukaeru,tidy,2,sheets/irukaeru/tidy.png,512,0,256,256,128,236,240,frames/irukaeru/tidy_02.png
irukaeru,tidy,3,sheets/irukaeru/tidy.png,768,0,256,256,128,236,240,frames/irukaeru/tidy_03.png
irukaeru,rest,0,sheets/irukaeru/rest.png,0,0,256,256,128,236,240,frames/irukaeru/rest_00.png
irukaeru,rest,1,sheets/irukaeru/rest.png,256,0,256,256,128,236,240,frames/irukaeru/rest_01.png
irukaeru,rest,2,sheets/irukaeru/rest.png,512,0,256,256,128,236,240,frames/irukaeru/rest_02.png
irukaeru,rest,3,sheets/irukaeru/rest.png,768,0,256,256,128,236,240,frames/irukaeru/rest_03.png
irukaeru,joy,0,sheets/irukaeru/joy.png,0,0,256,256,128,236,240,frames/irukaeru/joy_00.png
irukaeru,joy,1,sheets/irukaeru/joy.png,256,0,256,256,128,236,240,frames/irukaeru/joy_01.png
irukaeru,joy,2,sheets/irukaeru/joy.png,512,0,256,256,128,236,240,frames/irukaeru/joy_02.png
irukaeru,joy,3,sheets/irukaeru/joy.png,768,0,256,256,128,236,240,frames/irukaeru/joy_03.png
